상위,부서,단위
# 출처: LX 한국국토정보공사 누리집 조직도 https://www.lx.or.kr/kor/sub06_06_01.do (2026-10-01 읽음 · 사용자 지시 "부서는 일단 여기에 보자. 나중엔 사내 시스템에서 불러오는 작업을 할 예정")
# 지역본부 아래 지사 명단은 누리집에 없어 넣지 않음(지어내지 않음)
,사장,최상위
사장,부사장,최상위
사장,감사,최상위
부사장,홍보처,처
부사장,안전보건처,처
부사장,사업개발처,처
부사장,기획혁신본부,본부
기획혁신본부,기획조정실,실
기획조정실,기획처,처
기획조정실,예산법무처,처
기획혁신본부,AI디지털전략실,실
AI디지털전략실,AI혁신처,처
AI디지털전략실,정보보안운영처,처
기획혁신본부,경영성과처,처
부사장,지적사업본부,본부
지적사업본부,지적사업실,실
지적사업실,지적사업전략처,처
지적사업실,지적사업혁신처,처
지적사업본부,지적재조사처,처
지적사업본부,토지보상처,처
지적사업본부,고객지원처,처
부사장,공간정보본부,본부
공간정보본부,공간정보실,실
공간정보실,공간사업기획처,처
공간정보실,국토도시사업처,처
공간정보본부,플랫폼사업처,처
공간정보본부,디지털SOC처,처
공간정보본부,글로벌사업처,처
공간정보본부,주소정보활용지원센터,센터
부사장,경영지원본부,본부
경영지원본부,경영지원실,실
경영지원실,운영지원처,처
경영지원실,자산관리처,처
경영지원본부,인사처,처
경영지원본부,재무처,처
경영지원본부,노사협력처,처
감사,감사실,실
감사실,감사처,처
감사실,감찰청렴처,처
부사장,서울경기북부지역본부,지역본부
부사장,부산울산지역본부,지역본부
부사장,인천경기남부지역본부,지역본부
부사장,강원지역본부,지역본부
부사장,충북지역본부,지역본부
부사장,대전세종충남지역본부,지역본부
부사장,전북지역본부,지역본부
부사장,전남광주지역본부,지역본부
부사장,대구경북지역본부,지역본부
부사장,경남지역본부,지역본부
부사장,제주지역본부,지역본부
부사장,국토정보교육원,기관
부사장,공간정보연구원,기관
