time,idx,power,util
20:56:35.8,0, 17.96, 0
20:56:35.8,1, 28.36, 0
20:56:36.4,0, 17.96, 0
20:56:36.4,1, 28.36, 0
20:56:37.0,0, 18.09, 0
20:56:37.0,1, 28.38, 0
20:56:37.5,0, 18.09, 0
20:56:37.5,1, 28.38, 0
20:56:38.1,0, 17.75, 0
20:56:38.1,1, 28.39, 0
20:56:38.7,0, 17.62, 0
20:56:38.7,1, 28.39, 0
20:56:39.3,0, 17.62, 0
20:56:39.3,1, 28.48, 0
20:56:39.9,0, 17.53, 0
20:56:39.9,1, 28.65, 0
20:56:40.4,0, 17.53, 0
20:56:40.4,1, 28.65, 0
20:56:41.0,0, 17.62, 0
20:56:41.0,1, 28.67, 0
20:56:41.6,0, 17.62, 0
20:56:41.6,1, 28.67, 0
20:56:42.2,0, 17.77, 0
20:56:42.2,1, 28.65, 0
20:56:42.8,0, 17.58, 0
20:56:42.8,1, 28.66, 0
20:56:43.3,0, 17.58, 0
20:56:43.3,1, 28.66, 0
20:56:43.9,0, 17.65, 0
20:56:43.9,1, 28.62, 0
20:56:44.5,0, 17.65, 0
20:56:44.5,1, 28.62, 0
20:56:45.1,0, 17.94, 0
20:56:45.1,1, 28.66, 0
20:56:45.7,0, 17.72, 0
20:56:45.7,1, 28.66, 0
20:56:46.2,0, 17.72, 0
20:56:46.2,1, 28.73, 0
20:56:46.8,0, 17.67, 0
20:56:46.8,1, 28.66, 0
20:56:47.4,0, 17.67, 0
20:56:47.4,1, 28.66, 0
20:56:48.0,0, 17.85, 0
20:56:48.0,1, 28.55, 0
20:56:48.6,0, 17.85, 0
20:56:48.6,1, 28.55, 0
20:56:49.2,0, 17.64, 0
20:56:49.2,1, 28.60, 0
20:56:49.8,0, 17.74, 0
20:56:49.8,1, 28.65, 0
20:56:50.3,0, 17.74, 0
20:56:50.3,1, 28.65, 0
20:56:50.9,0, 17.99, 0
20:56:50.9,1, 28.57, 0
20:56:51.5,0, 17.99, 0
20:56:51.5,1, 28.57, 0
20:56:52.1,0, 17.66, 0
20:56:52.1,1, 28.43, 0
20:56:52.7,0, 17.65, 0
20:56:52.7,1, 28.43, 0
20:56:53.2,0, 17.65, 0
20:56:53.2,1, 28.39, 0
20:56:53.8,0, 17.99, 0
20:56:53.8,1, 28.43, 0
20:56:54.4,0, 17.99, 0
20:56:54.4,1, 28.43, 0
20:56:55.0,0, 17.86, 0
20:56:55.0,1, 28.42, 0
20:56:55.6,0, 17.86, 0
20:56:55.6,1, 28.42, 0
20:56:56.1,0, 17.93, 0
20:56:56.1,1, 28.44, 0
20:56:56.7,0, 18.11, 0
20:56:56.7,1, 28.44, 0
20:56:57.3,0, 18.11, 0
20:56:57.3,1, 28.50, 0
20:56:57.9,0, 17.75, 0
20:56:57.9,1, 28.50, 0
20:56:58.5,0, 17.75, 0
20:56:58.5,1, 28.50, 0
20:56:59.0,0, 17.78, 0
20:56:59.0,1, 28.41, 0
20:56:59.6,0, 17.78, 0
20:56:59.6,1, 28.41, 0
20:57:00.2,0, 18.10, 0
20:57:00.2,1, 28.38, 0
20:57:00.8,0, 17.89, 0
20:57:00.8,1, 28.34, 0
20:57:01.4,0, 17.89, 0
20:57:01.4,1, 28.34, 0
20:57:02.0,0, 17.91, 0
20:57:02.0,1, 28.34, 0
20:57:02.5,0, 17.91, 0
20:57:02.5,1, 28.34, 0
20:57:03.1,0, 18.08, 0
20:57:03.1,1, 28.46, 0
20:57:03.7,0, 17.72, 0
20:57:03.7,1, 28.46, 0
20:57:04.3,0, 17.72, 0
20:57:04.3,1, 28.63, 0
20:57:04.9,0, 17.64, 0
20:57:04.9,1, 28.75, 0
20:57:05.5,0, 17.64, 0
20:57:05.5,1, 28.75, 0
20:57:06.1,0, 17.89, 0
20:57:06.1,1, 28.66, 0
20:57:06.6,0, 17.89, 0
20:57:06.6,1, 28.66, 0
20:57:07.2,0, 17.66, 0
20:57:07.2,1, 28.45, 0
20:57:07.8,0, 17.71, 0
20:57:07.8,1, 28.42, 0
20:57:08.4,0, 17.71, 0
20:57:08.4,1, 28.42, 0
20:57:09.0,0, 18.06, 0
20:57:09.0,1, 28.42, 0
20:57:09.5,0, 18.06, 0
20:57:09.5,1, 28.42, 0
20:57:10.1,0, 17.82, 0
20:57:10.1,1, 28.42, 0
20:57:10.7,0, 19.97, 0
20:57:10.7,1, 28.42, 0
20:57:11.3,0, 21.53, 0
20:57:11.3,1, 28.39, 0
20:57:11.9,0, 28.23, 7
20:57:11.9,1, 28.48, 0
20:57:12.4,0, 31.00, 14
20:57:12.4,1, 28.52, 0
20:57:13.1,0, 57.55, 48
20:57:13.1,1, 49.51, 0
20:57:13.6,0, 101.03, 0
20:57:13.6,1, 62.03, 0
20:57:14.2,0, 137.71, 12
20:57:14.2,1, 93.16, 0
20:57:14.8,0, 132.20, 48
20:57:14.8,1, 89.43, 0
20:57:15.4,0, 105.54, 4
20:57:15.4,1, 89.43, 0
20:57:16.0,0, 99.61, 45
20:57:16.0,1, 75.87, 0
20:57:16.5,0, 102.54, 20
20:57:16.5,1, 75.87, 0
20:57:17.1,0, 106.94, 45
20:57:17.1,1, 54.21, 0
20:57:17.7,0, 107.65, 17
20:57:17.7,1, 54.21, 0
20:57:18.3,0, 107.52, 38
20:57:18.3,1, 39.92, 0
20:57:18.9,0, 102.82, 35
20:57:18.9,1, 32.19, 0
20:57:19.4,0, 96.57, 49
20:57:19.4,1, 32.19, 0
20:57:20.0,0, 88.50, 29
20:57:20.0,1, 29.55, 0
20:57:20.6,0, 99.64, 3
20:57:20.6,1, 29.55, 0
20:57:21.2,0, 106.65, 26
20:57:21.2,1, 29.00, 0
20:57:21.8,0, 105.65, 44
20:57:21.8,1, 29.08, 0
20:57:22.3,0, 98.57, 30
20:57:22.3,1, 29.08, 0
20:57:22.9,0, 88.25, 8
20:57:22.9,1, 29.15, 0
20:57:23.5,0, 75.91, 0
20:57:23.5,1, 29.15, 0
20:57:24.1,0, 67.81, 0
20:57:24.1,1, 29.06, 0
20:57:24.7,0, 65.47, 42
20:57:24.7,1, 29.06, 0
20:57:25.3,0, 72.38, 51
20:57:25.3,1, 28.85, 0
20:57:25.8,0, 80.89, 0
20:57:25.8,1, 28.79, 0
20:57:26.4,0, 85.22, 56
20:57:26.4,1, 28.79, 0
20:57:27.0,0, 81.65, 9
20:57:27.0,1, 28.83, 0
20:57:27.6,0, 85.18, 54
20:57:27.6,1, 28.83, 0
20:57:28.2,0, 86.06, 50
20:57:28.2,1, 28.92, 0
20:57:28.8,0, 88.66, 35
20:57:28.8,1, 28.96, 0
20:57:29.4,0, 103.71, 0
20:57:29.4,1, 28.96, 0
20:57:29.9,0, 118.78, 48
20:57:29.9,1, 29.15, 0
20:57:30.5,0, 113.17, 34
20:57:30.5,1, 29.15, 0
20:57:31.1,0, 113.95, 18
20:57:31.1,1, 29.27, 0
20:57:31.7,0, 95.77, 33
20:57:31.7,1, 29.27, 0
20:57:32.2,0, 101.41, 2
20:57:32.2,1, 29.15, 0
20:57:32.8,0, 113.40, 22
20:57:32.8,1, 29.12, 0
20:57:33.4,0, 110.06, 9
20:57:33.4,1, 29.12, 0
20:57:34.0,0, 102.02, 15
20:57:34.0,1, 29.13, 0
20:57:34.6,0, 82.47, 9
20:57:34.6,1, 29.13, 0
20:57:35.2,0, 66.00, 0
20:57:35.2,1, 28.92, 0
20:57:35.8,0, 66.16, 13
20:57:35.8,1, 28.82, 0
20:57:36.3,0, 76.51, 57
20:57:36.3,1, 28.82, 0
20:57:36.9,0, 82.69, 5
20:57:36.9,1, 28.92, 0
20:57:37.5,0, 88.75, 48
20:57:37.5,1, 28.92, 0
20:57:38.1,0, 89.95, 27
20:57:38.1,1, 28.93, 0
20:57:38.6,0, 100.95, 0
20:57:38.6,1, 28.93, 0
20:57:39.2,0, 104.74, 27
20:57:39.2,1, 28.94, 0
20:57:39.8,0, 104.90, 14
20:57:39.8,1, 29.07, 0
20:57:40.4,0, 100.13, 63
20:57:40.4,1, 29.07, 0
20:57:41.0,0, 89.67, 32
20:57:41.0,1, 29.07, 0
20:57:41.6,0, 92.56, 10
20:57:41.6,1, 29.07, 0
20:57:42.2,0, 100.99, 49
20:57:42.2,1, 29.05, 0
20:57:42.7,0, 103.90, 0
20:57:42.7,1, 29.11, 0
20:57:43.3,0, 106.73, 42
20:57:43.3,1, 29.11, 0
20:57:43.9,0, 102.03, 31
20:57:43.9,1, 29.01, 0
20:57:44.5,0, 106.67, 46
20:57:44.5,1, 29.01, 0
20:57:45.1,0, 105.23, 28
20:57:45.1,1, 28.96, 0
20:57:45.7,0, 93.96, 9
20:57:45.7,1, 28.96, 0
20:57:46.2,0, 64.36, 0
20:57:46.2,1, 28.81, 0
20:57:46.8,0, 61.05, 0
20:57:46.8,1, 28.58, 0
20:57:47.4,0, 61.05, 0
20:57:47.4,1, 28.58, 0
20:57:48.0,0, 58.99, 0
20:57:48.0,1, 28.56, 0
20:57:48.6,0, 57.84, 73
20:57:48.6,1, 28.56, 0
20:57:49.2,0, 76.54, 1
20:57:49.2,1, 28.66, 0
20:57:49.8,0, 103.09, 0
20:57:49.8,1, 28.75, 0
20:57:50.3,0, 89.77, 0
20:57:50.3,1, 28.75, 0
20:57:50.9,0, 86.85, 0
20:57:50.9,1, 28.73, 0
20:57:51.5,0, 86.85, 0
20:57:51.5,1, 28.73, 0
20:57:52.1,0, 59.94, 0
20:57:52.1,1, 28.69, 0
20:57:52.7,0, 45.45, 0
20:57:52.7,1, 28.69, 0
20:57:53.2,0, 45.45, 0
20:57:53.2,1, 28.77, 0
20:57:53.8,0, 27.21, 0
20:57:53.8,1, 28.89, 0
20:57:54.4,0, 27.21, 0
20:57:54.4,1, 28.89, 0
20:57:55.0,0, 21.14, 0
20:57:55.0,1, 28.93, 0
20:57:55.6,0, 21.14, 0
20:57:55.6,1, 28.93, 0
20:57:56.1,0, 18.82, 0
20:57:56.1,1, 28.88, 0
20:57:56.7,0, 18.47, 0
20:57:56.7,1, 28.88, 0
20:57:57.3,0, 18.47, 0
20:57:57.3,1, 28.77, 0
20:57:57.9,0, 18.50, 0
20:57:57.9,1, 28.71, 0
20:57:58.5,0, 18.50, 0
20:57:58.5,1, 28.71, 0
20:57:59.0,0, 18.78, 0
20:57:59.0,1, 28.63, 0
20:57:59.6,0, 18.78, 0
20:57:59.6,1, 28.63, 0
20:58:00.2,0, 18.45, 0
20:58:00.2,1, 28.64, 0
20:58:00.8,0, 18.43, 0
20:58:00.8,1, 28.71, 0
20:58:01.4,0, 18.43, 0
20:58:01.4,1, 28.71, 0
20:58:01.9,0, 18.83, 0
20:58:01.9,1, 28.74, 0
20:58:02.5,0, 18.83, 0
20:58:02.5,1, 28.74, 0
20:58:03.1,0, 18.63, 0
20:58:03.1,1, 28.69, 0
20:58:03.7,0, 18.67, 0
20:58:03.7,1, 28.69, 0
20:58:04.3,0, 18.67, 0
20:58:04.3,1, 28.63, 0
20:58:04.9,0, 18.88, 0
20:58:04.9,1, 28.67, 0
20:58:05.4,0, 18.88, 0
20:58:05.4,1, 28.67, 0
20:58:06.0,0, 18.57, 0
20:58:06.0,1, 28.65, 0
20:58:06.6,0, 18.57, 0
20:58:06.6,1, 28.65, 0
20:58:07.2,0, 18.55, 0
20:58:07.2,1, 28.57, 0
20:58:07.8,0, 18.80, 0
20:58:07.8,1, 28.62, 0
20:58:08.4,0, 18.80, 0
20:58:08.4,1, 28.62, 0
20:58:08.9,0, 18.57, 0
20:58:08.9,1, 28.73, 0
20:58:09.5,0, 18.57, 0
20:58:09.5,1, 28.73, 0
20:58:10.1,0, 18.53, 0
20:58:10.1,1, 28.77, 0
20:58:10.7,0, 18.71, 0
20:58:10.7,1, 28.77, 0
20:58:11.2,0, 18.71, 0
20:58:11.2,1, 28.79, 0
20:58:11.8,0, 18.37, 0
20:58:11.8,1, 28.75, 0
20:58:12.4,0, 18.37, 0
20:58:12.4,1, 28.75, 0
20:58:13.0,0, 18.32, 0
20:58:13.0,1, 28.61, 0
20:58:13.5,0, 18.32, 0
20:58:13.5,1, 28.61, 0
20:58:14.1,0, 18.59, 0
20:58:14.1,1, 28.65, 0
20:58:14.7,0, 18.43, 0
20:58:14.7,1, 28.65, 0
20:58:15.3,0, 18.43, 0
20:58:15.3,1, 28.81, 0
20:58:15.9,0, 18.45, 0
20:58:15.9,1, 28.91, 0
20:58:16.5,0, 18.45, 0
20:58:16.5,1, 28.91, 0
20:58:17.1,0, 18.65, 0
20:58:17.1,1, 28.83, 0
20:58:17.6,0, 18.65, 0
20:58:17.6,1, 28.83, 0
20:58:18.2,0, 18.36, 0
20:58:18.2,1, 28.73, 0
20:58:18.8,0, 18.32, 0
20:58:18.8,1, 28.79, 0
20:58:19.4,0, 18.32, 0
20:58:19.4,1, 28.79, 0
20:58:19.9,0, 18.59, 0
20:58:19.9,1, 28.75, 0
20:58:20.5,0, 18.59, 0
20:58:20.5,1, 28.75, 0
20:58:21.1,0, 18.40, 0
20:58:21.1,1, 28.82, 0
20:58:21.7,0, 18.45, 0
20:58:21.7,1, 28.82, 0
20:58:22.3,0, 18.45, 0
20:58:22.3,1, 28.95, 0
20:58:22.8,0, 18.57, 0
20:58:22.8,1, 28.83, 0
20:58:23.4,0, 18.57, 0
20:58:23.4,1, 28.83, 0
20:58:24.0,0, 18.81, 0
20:58:24.0,1, 28.77, 0
20:58:24.6,0, 18.81, 0
20:58:24.6,1, 28.77, 0
20:58:25.2,0, 18.88, 0
20:58:25.2,1, 28.85, 0
20:58:25.8,0, 18.43, 0
20:58:25.8,1, 28.99, 0
20:58:26.4,0, 18.43, 0
20:58:26.4,1, 28.99, 0
20:58:26.9,0, 18.26, 0
20:58:26.9,1, 28.94, 0
20:58:27.5,0, 18.26, 0
20:58:27.5,1, 28.94, 0
20:58:28.1,0, 18.52, 0
20:58:28.1,1, 28.73, 0
20:58:28.7,0, 18.49, 0
20:58:28.7,1, 28.73, 0
20:58:29.3,0, 18.49, 0
20:58:29.3,1, 28.67, 0
20:58:29.9,0, 18.99, 0
20:58:29.9,1, 28.79, 0
20:58:30.4,0, 18.99, 0
20:58:30.4,1, 28.79, 0
20:58:31.0,0, 19.28, 0
20:58:31.0,1, 28.83, 0
20:58:31.6,0, 19.28, 0
20:58:31.6,1, 28.83, 0
20:58:32.2,0, 18.82, 0
20:58:32.2,1, 28.93, 0
20:58:32.8,0, 18.53, 0
20:58:32.8,1, 28.85, 0
20:58:33.3,0, 18.53, 0
20:58:33.3,1, 28.85, 0
20:58:33.9,0, 18.56, 0
20:58:33.9,1, 28.80, 0
20:58:34.5,0, 18.56, 0
20:58:34.5,1, 28.80, 0
20:58:35.1,0, 18.74, 0
20:58:35.1,1, 28.73, 0
20:58:35.7,0, 18.74, 0
20:58:35.7,1, 28.73, 0
20:58:36.2,0, 18.43, 0
20:58:36.2,1, 28.69, 0
20:58:36.8,0, 18.44, 0
20:58:36.8,1, 28.73, 0
20:58:37.4,0, 18.44, 0
20:58:37.4,1, 28.73, 0
20:58:38.0,0, 18.65, 0
20:58:38.0,1, 28.79, 0
20:58:38.6,0, 18.65, 0
20:58:38.6,1, 28.79, 0
20:58:39.1,0, 18.33, 0
20:58:39.1,1, 28.83, 0
20:58:39.7,0, 18.37, 0
20:58:39.7,1, 28.83, 0
20:58:40.3,0, 18.37, 0
20:58:40.3,1, 28.86, 0
20:58:40.9,0, 18.56, 0
20:58:40.9,1, 28.82, 0
20:58:41.5,0, 18.56, 0
20:58:41.5,1, 28.82, 0
20:58:42.1,0, 18.28, 0
20:58:42.1,1, 28.70, 0
20:58:42.6,0, 18.28, 0
20:58:42.6,1, 28.70, 0
20:58:43.2,0, 18.35, 0
20:58:43.2,1, 28.76, 0
20:58:43.8,0, 18.56, 0
20:58:43.8,1, 29.01, 0
20:58:44.4,0, 18.56, 0
20:58:44.4,1, 29.01, 0
20:58:45.0,0, 18.25, 0
20:58:45.0,1, 28.88, 0
20:58:45.6,0, 18.25, 0
20:58:45.6,1, 28.88, 0
20:58:46.1,0, 18.33, 0
20:58:46.1,1, 28.74, 0
20:58:46.7,0, 18.65, 0
20:58:46.7,1, 28.74, 0
20:58:47.3,0, 18.65, 0
20:58:47.3,1, 28.56, 0
20:58:47.9,0, 18.37, 0
20:58:47.9,1, 28.49, 0
20:58:48.5,0, 18.37, 0
20:58:48.5,1, 28.49, 0
20:58:49.1,0, 18.39, 0
20:58:49.1,1, 28.44, 0
20:58:49.6,0, 18.39, 0
20:58:49.6,1, 28.44, 0
20:58:50.2,0, 18.68, 0
20:58:50.2,1, 28.49, 0
20:58:50.8,0, 18.38, 0
20:58:50.8,1, 28.45, 0
20:58:51.4,0, 18.38, 0
20:58:51.4,1, 28.45, 0
20:58:51.9,0, 18.61, 0
20:58:51.9,1, 28.48, 0
20:58:52.5,0, 18.61, 0
20:58:52.5,1, 28.48, 0
20:58:53.1,0, 18.60, 0
20:58:53.1,1, 28.51, 0
20:58:53.7,0, 18.35, 0
20:58:53.7,1, 28.51, 0
20:58:54.3,0, 18.35, 0
20:58:54.3,1, 28.51, 0
20:58:54.9,0, 18.30, 0
20:58:54.9,1, 28.54, 0
20:58:55.4,0, 18.30, 0
20:58:55.4,1, 28.54, 0
20:58:56.0,0, 18.53, 0
20:58:56.0,1, 28.57, 0
20:58:56.6,0, 18.53, 0
20:58:56.6,1, 28.57, 0
20:58:57.2,0, 17.83, 0
20:58:57.2,1, 28.64, 0
20:58:57.8,0, 18.18, 0
20:58:57.8,1, 28.58, 0
20:58:58.4,0, 18.18, 0
20:58:58.4,1, 28.58, 0
20:58:58.9,0, 18.43, 0
20:58:58.9,1, 28.55, 0
20:58:59.5,0, 18.43, 0
20:58:59.5,1, 28.55, 0
20:59:00.1,0, 18.33, 0
20:59:00.1,1, 28.60, 0
20:59:00.7,0, 18.41, 0
20:59:00.7,1, 28.60, 0
20:59:01.3,0, 18.41, 0
20:59:01.3,1, 28.73, 0
20:59:01.9,0, 18.41, 0
20:59:01.9,1, 28.73, 0
20:59:02.5,0, 18.41, 0
20:59:02.5,1, 28.73, 0
20:59:03.0,0, 18.12, 0
20:59:03.0,1, 28.72, 0
20:59:03.6,0, 18.12, 0
20:59:03.6,1, 28.72, 0
20:59:04.2,0, 18.13, 0
20:59:04.2,1, 28.80, 0
20:59:04.8,0, 18.09, 0
20:59:04.8,1, 28.84, 0
20:59:05.4,0, 18.09, 0
20:59:05.4,1, 28.84, 0
20:59:05.9,0, 18.31, 0
20:59:05.9,1, 28.82, 0
20:59:06.5,0, 18.31, 0
20:59:06.5,1, 28.82, 0
20:59:07.1,0, 18.55, 0
20:59:07.1,1, 28.85, 0
20:59:07.7,0, 18.30, 0
20:59:07.7,1, 28.85, 0
20:59:08.3,0, 18.30, 0
20:59:08.3,1, 28.96, 0
20:59:08.9,0, 18.28, 0
20:59:08.9,1, 28.93, 0
20:59:09.4,0, 18.28, 0
20:59:09.4,1, 28.93, 0
20:59:10.0,0, 18.52, 0
20:59:10.0,1, 28.84, 0
20:59:10.6,0, 18.52, 0
20:59:10.6,1, 28.84, 0
20:59:11.2,0, 17.99, 0
20:59:11.2,1, 28.86, 0
20:59:11.8,0, 18.33, 0
20:59:11.8,1, 28.96, 0
20:59:12.4,0, 18.33, 0
20:59:12.4,1, 28.96, 0
20:59:13.0,0, 18.64, 0
20:59:13.0,1, 28.86, 0
20:59:13.5,0, 18.64, 0
20:59:13.5,1, 28.86, 0
20:59:14.1,0, 18.38, 0
20:59:14.1,1, 28.73, 0
20:59:14.7,0, 18.53, 0
20:59:14.7,1, 28.73, 0
20:59:15.3,0, 18.53, 0
20:59:15.3,1, 28.76, 0
20:59:15.9,0, 18.81, 0
20:59:15.9,1, 28.77, 0
20:59:16.5,0, 18.81, 0
20:59:16.5,1, 28.77, 0
20:59:17.1,0, 18.39, 0
20:59:17.1,1, 28.72, 0
20:59:17.7,0, 18.39, 0
20:59:17.7,1, 28.72, 0
20:59:18.2,0, 18.34, 0
20:59:18.2,1, 28.61, 0
20:59:18.8,0, 18.61, 0
20:59:18.8,1, 28.56, 0
20:59:19.4,0, 18.61, 0
20:59:19.4,1, 28.56, 0
20:59:20.0,0, 18.40, 0
20:59:20.0,1, 28.59, 0
20:59:20.6,0, 18.40, 0
20:59:20.6,1, 28.59, 0
20:59:21.2,0, 18.46, 0
20:59:21.2,1, 28.52, 0
20:59:21.7,0, 18.75, 0
20:59:21.7,1, 28.52, 0
20:59:22.3,0, 18.75, 0
20:59:22.3,1, 28.57, 0
20:59:22.9,0, 18.42, 0
20:59:22.9,1, 28.66, 0
20:59:23.5,0, 18.42, 0
20:59:23.5,1, 28.66, 0
20:59:24.1,0, 18.30, 0
20:59:24.1,1, 28.63, 0
20:59:24.7,0, 18.30, 0
20:59:24.7,1, 28.63, 0
20:59:25.3,0, 18.58, 0
20:59:25.3,1, 28.59, 0
20:59:25.9,0, 18.21, 0
20:59:25.9,1, 28.51, 0
20:59:26.4,0, 18.21, 0
20:59:26.4,1, 28.51, 0
20:59:27.0,0, 18.14, 0
20:59:27.0,1, 28.45, 0
20:59:27.6,0, 18.14, 0
20:59:27.6,1, 28.45, 0
20:59:28.2,0, 18.37, 0
20:59:28.2,1, 28.51, 0
20:59:28.7,0, 18.02, 0
20:59:28.7,1, 28.51, 0
20:59:29.3,0, 18.02, 0
20:59:29.3,1, 28.53, 0
20:59:29.9,0, 18.15, 0
20:59:29.9,1, 28.53, 0
20:59:30.5,0, 18.15, 0
20:59:30.5,1, 28.53, 0
20:59:31.1,0, 18.49, 0
20:59:31.1,1, 28.58, 0
20:59:31.6,0, 18.49, 0
20:59:31.6,1, 28.58, 0
20:59:32.2,0, 18.11, 0
20:59:32.2,1, 28.58, 0
20:59:32.8,0, 18.07, 0
20:59:32.8,1, 28.63, 0
20:59:33.4,0, 18.07, 0
20:59:33.4,1, 28.63, 0
20:59:34.0,0, 18.39, 0
20:59:34.0,1, 28.76, 0
20:59:34.6,0, 18.39, 0
20:59:34.6,1, 28.76, 0
20:59:35.2,0, 18.14, 0
20:59:35.2,1, 28.86, 0
20:59:35.8,0, 18.28, 0
20:59:35.8,1, 28.86, 0
20:59:36.3,0, 18.28, 0
20:59:36.3,1, 28.78, 0
20:59:36.9,0, 18.70, 0
20:59:36.9,1, 28.80, 0
20:59:37.5,0, 18.70, 0
20:59:37.5,1, 28.80, 0
20:59:38.1,0, 18.38, 0
20:59:38.1,1, 28.79, 0
20:59:38.7,0, 18.38, 0
20:59:38.7,1, 28.79, 0
20:59:39.3,0, 18.25, 0
20:59:39.3,1, 28.71, 0
20:59:39.8,0, 18.50, 0
20:59:39.8,1, 28.74, 0
20:59:40.4,0, 18.50, 0
20:59:40.4,1, 28.74, 0
20:59:41.0,0, 18.40, 0
20:59:41.0,1, 28.80, 0
20:59:41.6,0, 18.40, 0
20:59:41.6,1, 28.80, 0
20:59:42.2,0, 18.56, 0
20:59:42.2,1, 28.86, 0
20:59:42.8,0, 18.22, 0
20:59:42.8,1, 28.72, 0
20:59:43.4,0, 18.22, 0
20:59:43.4,1, 28.72, 0
20:59:43.9,0, 18.39, 0
20:59:43.9,1, 28.58, 0
20:59:44.5,0, 18.39, 0
20:59:44.5,1, 28.58, 0
20:59:45.1,0, 18.62, 0
20:59:45.1,1, 28.61, 0
20:59:45.7,0, 18.40, 0
20:59:45.7,1, 28.61, 0
20:59:46.3,0, 18.40, 0
20:59:46.3,1, 28.68, 0
20:59:46.9,0, 18.40, 0
20:59:46.9,1, 28.58, 0
20:59:47.4,0, 18.40, 0
20:59:47.4,1, 28.58, 0
20:59:48.0,0, 18.71, 0
20:59:48.0,1, 28.38, 0
20:59:48.6,0, 18.71, 0
20:59:48.6,1, 28.38, 0
20:59:49.2,0, 18.35, 0
20:59:49.2,1, 28.25, 0
20:59:49.8,0, 18.31, 0
20:59:49.8,1, 28.32, 0
20:59:50.4,0, 18.31, 0
20:59:50.4,1, 28.32, 0
20:59:50.9,0, 18.61, 0
20:59:50.9,1, 28.27, 0
20:59:51.5,0, 18.61, 0
20:59:51.5,1, 28.27, 0
20:59:52.1,0, 18.40, 0
20:59:52.1,1, 28.35, 0
20:59:52.7,0, 18.40, 0
20:59:52.7,1, 28.35, 0
20:59:53.2,0, 18.49, 0
20:59:53.2,1, 28.46, 0
20:59:53.8,0, 18.70, 0
20:59:53.8,1, 28.32, 0
20:59:54.4,0, 18.70, 0
20:59:54.4,1, 28.32, 0
20:59:55.0,0, 18.30, 0
20:59:55.0,1, 28.10, 0
20:59:55.6,0, 18.30, 0
20:59:55.6,1, 28.10, 0
20:59:56.1,0, 18.27, 0
20:59:56.1,1, 28.32, 0
20:59:56.7,0, 18.54, 0
20:59:56.7,1, 28.32, 0
20:59:57.3,0, 18.54, 0
20:59:57.3,1, 28.43, 0
20:59:57.9,0, 18.28, 0
20:59:57.9,1, 28.56, 0
20:59:58.5,0, 18.28, 0
20:59:58.5,1, 28.56, 0
20:59:59.1,0, 18.36, 0
20:59:59.1,1, 28.53, 0
20:59:59.6,0, 18.36, 0
20:59:59.6,1, 28.53, 0
21:00:00.2,0, 18.78, 0
21:00:00.2,1, 28.54, 0
21:00:00.8,0, 18.53, 0
21:00:00.8,1, 28.52, 0
21:00:01.4,0, 18.53, 0
21:00:01.4,1, 28.52, 0
21:00:02.0,0, 18.29, 0
21:00:02.0,1, 28.49, 0
21:00:02.5,0, 18.29, 0
21:00:02.5,1, 28.49, 0
21:00:03.1,0, 18.54, 0
21:00:03.1,1, 28.49, 0
21:00:03.7,0, 18.34, 0
21:00:03.7,1, 28.49, 0
21:00:04.3,0, 18.34, 0
21:00:04.3,1, 28.50, 0
21:00:04.9,0, 18.25, 0
21:00:04.9,1, 28.59, 0
21:00:05.4,0, 18.25, 0
21:00:05.4,1, 28.59, 0
21:00:06.0,0, 18.60, 0
21:00:06.0,1, 28.66, 0
21:00:06.6,0, 18.60, 0
21:00:06.6,1, 28.66, 0
21:00:07.2,0, 18.41, 0
21:00:07.2,1, 28.61, 0
21:00:07.8,0, 18.39, 0
21:00:07.8,1, 28.67, 0
21:00:08.4,0, 18.39, 0
21:00:08.4,1, 28.67, 0
21:00:08.9,0, 18.64, 0
21:00:08.9,1, 28.81, 0
21:00:09.5,0, 18.64, 0
21:00:09.5,1, 28.81, 0
21:00:10.1,0, 18.26, 0
21:00:10.1,1, 28.89, 0
21:00:10.7,0, 18.18, 0
21:00:10.7,1, 28.89, 0
21:00:11.3,0, 18.18, 0
21:00:11.3,1, 28.81, 0
21:00:11.9,0, 18.57, 0
21:00:11.9,1, 28.80, 0
21:00:12.4,0, 18.57, 0
21:00:12.4,1, 28.80, 0
21:00:13.0,0, 18.36, 0
21:00:13.0,1, 28.88, 0
21:00:13.6,0, 18.36, 0
21:00:13.6,1, 28.88, 0
21:00:14.2,0, 18.38, 0
21:00:14.2,1, 28.97, 0
21:00:14.8,0, 18.73, 0
21:00:14.8,1, 28.88, 0
21:00:15.4,0, 18.73, 0
21:00:15.4,1, 28.88, 0
21:00:16.0,0, 18.39, 0
21:00:16.0,1, 28.74, 0
21:00:16.6,0, 18.39, 0
21:00:16.6,1, 28.74, 0
21:00:17.1,0, 18.36, 0
21:00:17.1,1, 28.79, 0
21:00:17.7,0, 18.64, 0
21:00:17.7,1, 28.79, 0
21:00:18.3,0, 18.64, 0
21:00:18.3,1, 28.92, 0
21:00:18.9,0, 18.28, 0
21:00:18.9,1, 28.83, 0
21:00:19.5,0, 18.28, 0
21:00:19.5,1, 28.83, 0
21:00:20.0,0, 18.33, 0
21:00:20.0,1, 28.63, 0
21:00:20.6,0, 18.33, 0
21:00:20.6,1, 28.63, 0
21:00:21.2,0, 18.36, 0
21:00:21.2,1, 28.59, 0
21:00:21.8,0, 18.55, 0
21:00:21.8,1, 28.59, 0
21:00:22.4,0, 18.55, 0
21:00:22.4,1, 28.69, 0
21:00:22.9,0, 18.67, 0
21:00:22.9,1, 28.61, 0
21:00:23.5,0, 18.67, 0
21:00:23.5,1, 28.61, 0
21:00:24.1,0, 18.36, 0
21:00:24.1,1, 28.56, 0
21:00:24.7,0, 18.36, 0
21:00:24.7,1, 28.56, 0
21:00:25.3,0, 18.40, 0
21:00:25.3,1, 28.70, 0
21:00:25.8,0, 18.66, 0
21:00:25.8,1, 28.90, 0
21:00:26.4,0, 18.66, 0
21:00:26.4,1, 28.90, 0
21:00:27.0,0, 18.43, 0
21:00:27.0,1, 28.92, 0
21:00:27.6,0, 18.43, 0
21:00:27.6,1, 28.92, 0
21:00:28.2,0, 18.43, 0
21:00:28.2,1, 28.80, 0
21:00:28.8,0, 18.69, 0
21:00:28.8,1, 28.80, 0
21:00:29.3,0, 18.69, 0
21:00:29.3,1, 28.75, 0
21:00:29.9,0, 18.44, 0
21:00:29.9,1, 28.77, 0
21:00:30.5,0, 18.44, 0
21:00:30.5,1, 28.77, 0
21:00:31.1,0, 18.49, 0
21:00:31.1,1, 28.75, 0
21:00:31.6,0, 18.81, 0
21:00:31.6,1, 28.75, 0
21:00:32.2,0, 18.12, 0
21:00:32.2,1, 28.63, 0
21:00:32.8,0, 18.12, 0
21:00:32.8,1, 28.61, 0
21:00:33.4,0, 18.44, 0
21:00:33.4,1, 28.61, 0
21:00:34.0,0, 18.44, 0
21:00:34.0,1, 28.58, 0
21:00:34.6,0, 18.64, 0
21:00:34.6,1, 28.58, 0
21:00:35.2,0, 18.64, 0
21:00:35.2,1, 28.54, 0
21:00:35.7,0, 18.32, 0
21:00:35.7,1, 28.54, 0
21:00:36.3,0, 18.36, 0
21:00:36.3,1, 28.53, 0
21:00:36.9,0, 18.36, 0
21:00:36.9,1, 28.44, 0
21:00:37.5,0, 18.56, 0
21:00:37.5,1, 28.44, 0
21:00:38.1,0, 18.56, 0
21:00:38.1,1, 28.44, 0
21:00:38.6,0, 18.28, 0
21:00:38.6,1, 28.44, 0
21:00:39.2,0, 18.39, 0
21:00:39.2,1, 28.41, 0
21:00:39.8,0, 18.39, 0
21:00:39.8,1, 28.58, 0
21:00:40.4,0, 18.62, 0
21:00:40.4,1, 28.58, 0
21:00:41.0,0, 18.62, 0
21:00:41.0,1, 28.56, 0
21:00:41.5,0, 18.36, 0
21:00:41.5,1, 28.56, 0
21:00:42.1,0, 18.36, 0
21:00:42.1,1, 28.51, 0
21:00:42.7,0, 18.38, 0
21:00:42.7,1, 28.51, 0
21:00:43.3,0, 18.61, 0
21:00:43.3,1, 28.52, 0
21:00:43.9,0, 18.61, 0
21:00:43.9,1, 28.56, 0
21:00:44.5,0, 18.36, 0
21:00:44.5,1, 28.56, 0
21:00:45.0,0, 18.36, 0
21:00:45.0,1, 28.55, 0
21:00:45.6,0, 18.46, 0
21:00:45.6,1, 28.55, 0
21:00:46.2,0, 18.84, 0
21:00:46.2,1, 28.53, 0
21:00:46.8,0, 18.84, 0
21:00:46.8,1, 28.67, 0
21:00:47.4,0, 18.58, 0
21:00:47.4,1, 28.67, 0
21:00:47.9,0, 18.58, 0
21:00:47.9,1, 28.74, 0
21:00:48.5,0, 18.50, 0
21:00:48.5,1, 28.74, 0
21:00:49.1,0, 18.50, 0
21:00:49.1,1, 28.77, 0
21:00:49.7,0, 18.70, 0
21:00:49.7,1, 28.77, 0
21:00:50.3,0, 18.47, 0
21:00:50.3,1, 28.81, 0
21:00:50.9,0, 18.47, 0
21:00:50.9,1, 28.85, 0
21:00:51.4,0, 18.52, 0
21:00:51.4,1, 28.85, 0
21:00:52.0,0, 18.52, 0
21:00:52.0,1, 28.67, 0
21:00:52.6,0, 18.84, 0
21:00:52.6,1, 28.67, 0
21:00:53.2,0, 18.84, 0
21:00:53.2,1, 28.52, 0
21:00:53.8,0, 18.47, 0
21:00:53.8,1, 28.52, 0
21:00:54.4,0, 18.38, 0
21:00:54.4,1, 28.74, 0
21:00:54.9,0, 18.38, 0
21:00:54.9,1, 28.74, 0
21:00:55.5,0, 18.70, 0
21:00:55.5,1, 28.74, 0
21:00:56.1,0, 18.70, 0
21:00:56.1,1, 28.66, 0
21:00:56.7,0, 18.41, 0
21:00:56.7,1, 28.66, 0
21:00:57.3,0, 18.42, 0
21:00:57.3,1, 28.63, 0
21:00:57.8,0, 18.42, 0
21:00:57.8,1, 28.66, 0
21:00:58.4,0, 18.28, 0
21:00:58.4,1, 28.66, 0
21:00:59.0,0, 18.28, 0
21:00:59.0,1, 28.76, 0
21:00:59.6,0, 18.43, 0
21:00:59.6,1, 28.76, 0
21:01:00.1,0, 18.43, 0
21:01:00.1,1, 28.85, 0
21:01:00.7,0, 18.67, 0
21:01:00.7,1, 28.85, 0
21:01:01.3,0, 18.40, 0
21:01:01.3,1, 28.71, 0
21:01:01.9,0, 18.40, 0
21:01:01.9,1, 28.71, 0
21:01:02.5,0, 18.35, 0
21:01:02.5,1, 28.71, 0
21:01:03.1,0, 18.35, 0
21:01:03.1,1, 28.78, 0
21:01:03.6,0, 18.66, 0
21:01:03.6,1, 28.78, 0
21:01:04.2,0, 18.32, 0
21:01:04.2,1, 28.85, 0
21:01:04.8,0, 18.32, 0
21:01:04.8,1, 28.92, 0
21:01:05.4,0, 18.37, 0
21:01:05.4,1, 28.92, 0
21:01:06.0,0, 18.37, 0
21:01:06.0,1, 28.79, 0
21:01:06.5,0, 18.62, 0
21:01:06.5,1, 28.79, 0
21:01:07.1,0, 18.62, 0
21:01:07.1,1, 28.79, 0
21:01:07.7,0, 18.24, 0
21:01:07.7,1, 28.79, 0
21:01:08.3,0, 18.28, 0
21:01:08.3,1, 28.88, 0
21:01:08.9,0, 18.28, 0
21:01:08.9,1, 29.03, 0
21:01:09.4,0, 18.54, 0
21:01:09.4,1, 29.03, 0
21:01:10.0,0, 18.54, 0
21:01:10.0,1, 29.10, 0
21:01:10.6,0, 18.24, 0
21:01:10.6,1, 29.10, 0
21:01:11.2,0, 18.24, 0
21:01:11.2,1, 29.02, 0
21:01:11.8,0, 18.30, 0
21:01:11.8,1, 29.02, 0
21:01:12.3,0, 18.63, 0
21:01:12.3,1, 29.21, 100
21:01:12.9,0, 37.02, 0
21:01:12.9,1, 45.97, 0
21:01:13.5,0, 50.13, 0
21:01:13.5,1, 85.24, 0
21:01:14.1,0, 86.15, 0
21:01:14.1,1, 93.83, 0
21:01:14.7,0, 86.15, 0
21:01:14.7,1, 93.83, 0
21:01:15.2,0, 78.24, 0
21:01:15.2,1, 90.06, 0
21:01:15.8,0, 49.70, 0
21:01:15.8,1, 76.51, 0
21:01:16.4,0, 49.70, 0
21:01:16.4,1, 76.51, 0
21:01:17.0,0, 20.57, 0
21:01:17.0,1, 51.79, 0
21:01:17.6,0, 20.57, 0
21:01:17.6,1, 51.79, 0
21:01:18.1,0, 18.81, 0
21:01:18.1,1, 37.24, 0
21:01:18.7,0, 18.81, 0
21:01:18.7,1, 37.24, 0
21:01:19.3,0, 18.46, 0
21:01:19.3,1, 31.85, 0
21:01:19.8,0, 18.50, 0
21:01:19.8,1, 29.47, 0
21:01:20.4,0, 18.50, 0
21:01:20.4,1, 29.47, 0
21:01:21.0,0, 18.78, 0
21:01:21.0,1, 29.48, 0
21:01:21.6,0, 18.78, 0
21:01:21.6,1, 29.48, 0
21:01:22.2,0, 18.47, 0
21:01:22.2,1, 29.33, 0
21:01:22.7,0, 18.49, 0
21:01:22.7,1, 29.33, 0
21:01:23.3,0, 18.49, 0
21:01:23.3,1, 29.31, 0
21:01:23.9,0, 18.77, 0
21:01:23.9,1, 29.31, 0
21:01:24.5,0, 18.77, 0
21:01:24.5,1, 29.31, 0
21:01:25.1,0, 18.43, 0
21:01:25.1,1, 29.29, 0
21:01:25.7,0, 18.43, 0
21:01:25.7,1, 29.29, 0
21:01:26.2,0, 18.36, 0
21:01:26.2,1, 29.29, 0
21:01:26.8,0, 18.62, 0
21:01:26.8,1, 29.29, 0
21:01:27.4,0, 18.62, 0
21:01:27.4,1, 29.29, 0
21:01:28.0,0, 18.31, 0
21:01:28.0,1, 29.16, 0
21:01:28.5,0, 18.31, 0
21:01:28.5,1, 29.16, 0
21:01:29.1,0, 18.31, 0
21:01:29.1,1, 29.00, 0
21:01:29.7,0, 18.62, 0
21:01:29.7,1, 29.00, 0
21:01:30.3,0, 18.62, 0
21:01:30.3,1, 29.11, 0
21:01:30.9,0, 18.35, 0
21:01:30.9,1, 29.13, 0
21:01:31.5,0, 18.35, 0
21:01:31.5,1, 29.13, 0
21:01:32.0,0, 18.35, 0
21:01:32.0,1, 29.16, 0
21:01:32.6,0, 18.35, 0
21:01:32.6,1, 29.16, 0
21:01:33.2,0, 18.66, 0
21:01:33.2,1, 29.16, 0
21:01:33.8,0, 18.32, 0
21:01:33.8,1, 29.16, 0
21:01:34.4,0, 18.32, 0
21:01:34.4,1, 29.17, 0
21:01:34.9,0, 18.34, 0
21:01:34.9,1, 29.22, 0
21:01:35.5,0, 18.34, 0
21:01:35.5,1, 29.22, 0
21:01:36.1,0, 18.75, 0
21:01:36.1,1, 29.29, 0
21:01:36.7,0, 18.75, 0
21:01:36.7,1, 29.29, 0
21:01:37.3,0, 18.43, 0
21:01:37.3,1, 29.28, 0
21:01:37.8,0, 18.34, 0
21:01:37.8,1, 29.21, 0
21:01:38.4,0, 18.34, 0
21:01:38.4,1, 29.21, 0
21:01:39.0,0, 18.59, 0
21:01:39.0,1, 29.09, 0
21:01:39.6,0, 18.59, 0
21:01:39.6,1, 29.09, 0
21:01:40.2,0, 18.41, 0
21:01:40.2,1, 29.05, 0
21:01:40.7,0, 18.42, 0
21:01:40.7,1, 29.05, 0
21:01:41.3,0, 18.42, 0
21:01:41.3,1, 29.07, 0
21:01:41.9,0, 18.66, 0
21:01:41.9,1, 29.13, 0
21:01:42.5,0, 18.66, 0
21:01:42.5,1, 29.13, 0
21:01:43.1,0, 18.34, 0
21:01:43.1,1, 29.20, 0
21:01:43.7,0, 18.34, 0
21:01:43.7,1, 29.20, 0
21:01:44.2,0, 18.31, 0
21:01:44.2,1, 29.21, 0
21:01:44.8,0, 18.69, 0
21:01:44.8,1, 29.31, 0
21:01:45.4,0, 18.69, 0
21:01:45.4,1, 29.31, 0
21:01:46.0,0, 18.56, 0
21:01:46.0,1, 29.32, 0
21:01:46.6,0, 18.56, 0
21:01:46.6,1, 29.32, 0
21:01:47.2,0, 18.68, 0
21:01:47.2,1, 29.26, 0
21:01:47.8,0, 18.96, 0
21:01:47.8,1, 29.22, 0
21:01:48.4,0, 18.96, 0
21:01:48.4,1, 29.22, 0
21:01:49.0,0, 18.65, 0
21:01:49.0,1, 29.17, 0
21:01:49.5,0, 18.65, 0
21:01:49.5,1, 29.17, 0
21:01:50.1,0, 18.54, 0
21:01:50.1,1, 29.25, 0
21:01:50.7,0, 18.54, 0
21:01:50.7,1, 29.25, 0
21:01:51.3,0, 18.70, 0
21:01:51.3,1, 29.33, 0
21:01:51.9,0, 18.47, 0
21:01:51.9,1, 29.38, 0
21:01:52.4,0, 18.47, 0
21:01:52.4,1, 29.38, 0
21:01:53.0,0, 18.46, 0
21:01:53.0,1, 29.24, 0
21:01:53.6,0, 18.46, 0
21:01:53.6,1, 29.24, 0
21:01:54.2,0, 18.37, 0
21:01:54.2,1, 29.04, 0
21:01:54.8,0, 18.51, 0
21:01:54.8,1, 29.07, 0
21:01:55.4,0, 18.51, 0
21:01:55.4,1, 29.07, 0
21:01:56.0,0, 18.85, 0
21:01:56.0,1, 29.19, 0
21:01:56.5,0, 18.85, 0
21:01:56.5,1, 29.19, 0
21:01:57.1,0, 18.44, 0
21:01:57.1,1, 29.15, 0
21:01:57.7,0, 18.41, 0
21:01:57.7,1, 29.15, 0
21:01:58.3,0, 18.41, 0
21:01:58.3,1, 29.05, 0
21:01:58.9,0, 18.62, 0
21:01:58.9,1, 29.06, 0
21:01:59.4,0, 18.62, 0
21:01:59.4,1, 29.06, 0
21:02:00.0,0, 18.18, 0
21:02:00.0,1, 29.08, 0
21:02:00.6,0, 18.18, 0
21:02:00.6,1, 29.08, 0
21:02:01.2,0, 18.18, 0
21:02:01.2,1, 29.15, 0
21:02:01.8,0, 18.50, 0
21:02:01.8,1, 29.15, 0
21:02:02.4,0, 18.50, 0
21:02:02.4,1, 29.15, 0
21:02:02.9,0, 18.16, 0
21:02:02.9,1, 29.14, 0
21:02:03.5,0, 18.16, 0
21:02:03.5,1, 29.14, 0
21:02:04.1,0, 18.25, 0
21:02:04.1,1, 29.23, 0
21:02:04.7,0, 18.25, 0
21:02:04.7,1, 29.23, 0
21:02:05.3,0, 18.58, 0
21:02:05.3,1, 29.21, 0
21:02:05.8,0, 18.34, 0
21:02:05.8,1, 29.22, 0
21:02:06.4,0, 18.34, 0
21:02:06.4,1, 29.22, 0
21:02:07.0,0, 18.41, 0
21:02:07.0,1, 29.26, 0
21:02:07.6,0, 18.41, 0
21:02:07.6,1, 29.26, 0
21:02:08.2,0, 18.70, 0
21:02:08.2,1, 29.39, 0
21:02:08.8,0, 18.46, 0
21:02:08.8,1, 29.45, 0
21:02:09.4,0, 18.46, 0
21:02:09.4,1, 29.45, 0
21:02:10.0,0, 18.44, 0
21:02:10.0,1, 29.29, 0
21:02:10.5,0, 18.44, 0
21:02:10.5,1, 29.29, 0
21:02:11.1,0, 18.66, 0
21:02:11.1,1, 29.10, 0
21:02:11.7,0, 18.66, 0
21:02:11.7,1, 29.10, 0
21:02:12.3,0, 18.38, 0
21:02:12.3,1, 29.12, 0
21:02:12.9,0, 18.37, 0
21:02:12.9,1, 29.20, 0
21:02:13.4,0, 18.37, 0
21:02:13.4,1, 29.20, 0
21:02:14.0,0, 18.59, 0
21:02:14.0,1, 29.25, 0
21:02:14.6,0, 18.59, 0
21:02:14.6,1, 29.25, 0
21:02:15.2,0, 18.21, 0
21:02:15.2,1, 29.25, 0
21:02:15.8,0, 18.24, 0
21:02:15.8,1, 29.20, 0
21:02:16.4,0, 18.24, 0
21:02:16.4,1, 29.20, 0
21:02:17.0,0, 18.58, 0
21:02:17.0,1, 29.30, 0
21:02:17.5,0, 18.58, 0
21:02:17.5,1, 29.30, 0
21:02:18.1,0, 18.37, 0
21:02:18.1,1, 29.44, 0
21:02:18.7,0, 18.37, 0
21:02:18.7,1, 29.44, 0
21:02:19.3,0, 18.42, 0
21:02:19.3,1, 29.42, 0
21:02:19.8,0, 18.65, 0
21:02:19.8,1, 29.27, 0
21:02:20.4,0, 18.65, 0
21:02:20.4,1, 29.27, 0
21:02:21.0,0, 18.38, 0
21:02:21.0,1, 29.20, 0
21:02:21.6,0, 18.38, 0
21:02:21.6,1, 29.20, 0
21:02:22.2,0, 18.33, 0
21:02:22.2,1, 29.21, 0
21:02:22.8,0, 18.56, 0
21:02:22.8,1, 29.21, 0
21:02:23.3,0, 18.56, 0
21:02:23.3,1, 29.20, 0
21:02:23.9,0, 18.31, 0
21:02:23.9,1, 29.24, 0
21:02:24.5,0, 18.31, 0
21:02:24.5,1, 29.24, 0
21:02:25.1,0, 18.36, 0
21:02:25.1,1, 29.20, 0
21:02:25.7,0, 18.36, 0
21:02:25.7,1, 29.20, 0
21:02:26.3,0, 18.48, 0
21:02:26.3,1, 29.06, 0
21:02:26.8,0, 18.10, 0
21:02:26.8,1, 29.14, 0
21:02:27.4,0, 18.10, 0
21:02:27.4,1, 29.14, 0
21:02:28.0,0, 18.25, 0
21:02:28.0,1, 29.13, 0
21:02:28.6,0, 18.25, 0
21:02:28.6,1, 29.13, 0
21:02:29.1,0, 18.54, 0
21:02:29.1,1, 29.09, 0
21:02:29.7,0, 18.31, 0
21:02:29.7,1, 29.09, 0
21:02:30.3,0, 18.31, 0
21:02:30.3,1, 29.10, 0
21:02:30.9,0, 18.34, 0
21:02:30.9,1, 29.15, 0
21:02:31.5,0, 18.34, 0
21:02:31.5,1, 29.15, 0
21:02:32.0,0, 18.34, 0
21:02:32.0,1, 29.18, 0
21:02:32.6,0, 18.34, 0
21:02:32.6,1, 29.18, 0
21:02:33.2,0, 18.49, 0
21:02:33.2,1, 29.14, 0
21:02:33.8,0, 18.81, 0
21:02:33.8,1, 29.14, 0
21:02:34.4,0, 18.81, 0
21:02:34.4,1, 29.13, 0
21:02:34.9,0, 18.42, 0
21:02:34.9,1, 29.20, 0
21:02:35.5,0, 18.42, 0
21:02:35.5,1, 29.20, 0
21:02:36.1,0, 18.33, 0
21:02:36.1,1, 29.17, 0
21:02:36.7,0, 18.33, 0
21:02:36.7,1, 29.17, 0
21:02:37.3,0, 18.48, 0
21:02:37.3,1, 29.23, 0
21:02:37.9,0, 18.18, 0
21:02:37.9,1, 29.31, 0
21:02:38.4,0, 18.18, 0
21:02:38.4,1, 29.31, 0
21:02:39.0,0, 18.16, 0
21:02:39.0,1, 29.26, 0
21:02:39.6,0, 18.16, 0
21:02:39.6,1, 29.26, 0
21:02:40.2,0, 18.33, 0
21:02:40.2,1, 29.37, 0
21:02:40.8,0, 18.09, 0
21:02:40.8,1, 29.35, 0
21:02:41.4,0, 18.09, 0
21:02:41.4,1, 29.35, 0
21:02:41.9,0, 18.17, 0
21:02:41.9,1, 29.20, 0
21:02:42.5,0, 18.17, 0
21:02:42.5,1, 29.20, 0
21:02:43.1,0, 18.51, 0
21:02:43.1,1, 29.08, 0
21:02:43.7,0, 18.51, 0
21:02:43.7,1, 29.08, 0
21:02:44.3,0, 18.23, 0
21:02:44.3,1, 29.11, 0
21:02:44.9,0, 18.19, 0
21:02:44.9,1, 29.25, 0
21:02:45.5,0, 18.19, 0
21:02:45.5,1, 29.25, 0
21:02:46.0,0, 18.39, 0
21:02:46.0,1, 29.24, 0
21:02:46.6,0, 18.39, 0
21:02:46.6,1, 29.24, 0
21:02:47.2,0, 18.10, 0
21:02:47.2,1, 29.20, 0
21:02:47.8,0, 18.08, 0
21:02:47.8,1, 29.21, 0
21:02:48.4,0, 18.08, 0
21:02:48.4,1, 29.21, 0
21:02:49.0,0, 18.30, 0
21:02:49.0,1, 29.25, 0
21:02:49.5,0, 18.30, 0
21:02:49.5,1, 29.25, 0
21:02:50.1,0, 18.10, 0
21:02:50.1,1, 29.29, 0
21:02:50.7,0, 18.10, 0
21:02:50.7,1, 29.29, 0
21:02:51.3,0, 18.15, 0
21:02:51.3,1, 29.31, 0
21:02:51.9,0, 18.47, 0
21:02:51.9,1, 29.32, 0
21:02:52.5,0, 18.47, 0
21:02:52.5,1, 29.32, 0
21:02:53.0,0, 18.26, 0
21:02:53.0,1, 29.30, 0
21:02:53.6,0, 18.26, 0
21:02:53.6,1, 29.30, 0
21:02:54.2,0, 18.27, 0
21:02:54.2,1, 29.26, 0
21:02:54.8,0, 18.49, 0
21:02:54.8,1, 29.26, 0
21:02:55.4,0, 18.49, 0
21:02:55.4,1, 29.11, 0
21:02:55.9,0, 18.16, 0
21:02:55.9,1, 29.13, 0
21:02:56.5,0, 18.16, 0
21:02:56.5,1, 29.13, 0
21:02:57.1,0, 18.24, 0
21:02:57.1,1, 29.26, 0
21:02:57.7,0, 18.24, 0
21:02:57.7,1, 29.26, 0
21:02:58.2,0, 18.65, 0
21:02:58.2,1, 29.20, 0
21:02:58.8,0, 18.35, 0
21:02:58.8,1, 29.20, 0
21:02:59.4,0, 18.35, 0
21:02:59.4,1, 29.20, 0
21:03:00.0,0, 18.27, 0
21:03:00.0,1, 29.24, 0
21:03:00.6,0, 18.27, 0
21:03:00.6,1, 29.24, 0
21:03:01.1,0, 18.43, 0
21:03:01.1,1, 29.22, 0
21:03:01.7,0, 18.09, 0
21:03:01.7,1, 29.22, 0
21:03:02.3,0, 18.09, 0
21:03:02.3,1, 29.52, 0
21:03:02.9,0, 18.06, 0
21:03:02.9,1, 29.35, 0
21:03:03.4,0, 18.06, 0
21:03:03.4,1, 29.35, 0
21:03:04.0,0, 18.28, 0
21:03:04.0,1, 29.29, 0
21:03:04.6,0, 18.28, 0
21:03:04.6,1, 29.29, 0
21:03:05.2,0, 18.05, 0
21:03:05.2,1, 29.23, 0
21:03:05.8,0, 18.12, 0
21:03:05.8,1, 29.23, 0
21:03:06.3,0, 18.12, 0
21:03:06.3,1, 29.16, 0
21:03:06.9,0, 18.42, 0
21:03:06.9,1, 29.27, 0
21:03:07.5,0, 18.42, 0
21:03:07.5,1, 29.27, 0
21:03:08.1,0, 18.14, 0
21:03:08.1,1, 29.27, 0
21:03:08.7,0, 18.14, 0
21:03:08.7,1, 29.27, 0
21:03:09.3,0, 18.06, 0
21:03:09.3,1, 29.21, 0
21:03:09.8,0, 17.99, 0
21:03:09.8,1, 29.18, 0
21:03:10.4,0, 17.99, 0
21:03:10.4,1, 29.18, 0
21:03:11.0,0, 18.01, 0
21:03:11.0,1, 29.15, 0
21:03:11.6,0, 18.01, 0
21:03:11.6,1, 29.15, 0
21:03:12.2,0, 18.36, 0
21:03:12.2,1, 29.13, 0
21:03:12.7,0, 18.14, 0
21:03:12.7,1, 29.13, 0
21:03:13.3,0, 18.14, 0
21:03:13.3,1, 29.15, 0
21:03:13.9,0, 18.11, 0
21:03:13.9,1, 29.25, 0
21:03:14.5,0, 18.11, 0
21:03:14.5,1, 29.25, 0
21:03:15.1,0, 18.39, 0
21:03:15.1,1, 29.27, 0
21:03:15.7,0, 18.39, 0
21:03:15.7,1, 29.27, 0
21:03:16.3,0, 18.15, 0
21:03:16.3,1, 29.25, 0
21:03:16.9,0, 18.15, 0
21:03:16.9,1, 29.21, 0
21:03:17.4,0, 18.15, 0
21:03:17.4,1, 29.21, 0
21:03:18.0,0, 18.44, 0
21:03:18.0,1, 29.11, 0
21:03:18.6,0, 18.44, 0
21:03:18.6,1, 29.11, 0
21:03:19.2,0, 18.13, 0
21:03:19.2,1, 29.00, 0
21:03:19.7,0, 18.14, 0
21:03:19.7,1, 29.00, 0
21:03:20.3,0, 18.14, 0
21:03:20.3,1, 28.98, 0
21:03:20.9,0, 18.50, 0
21:03:20.9,1, 29.07, 0
21:03:21.5,0, 18.50, 0
21:03:21.5,1, 29.07, 0
21:03:22.1,0, 18.29, 0
21:03:22.1,1, 29.19, 0
21:03:22.7,0, 18.29, 0
21:03:22.7,1, 29.19, 0
21:03:23.2,0, 18.30, 0
21:03:23.2,1, 29.23, 0
21:03:23.8,0, 18.58, 0
21:03:23.8,1, 29.21, 0
21:03:24.4,0, 18.58, 0
21:03:24.4,1, 29.21, 0
21:03:25.0,0, 18.27, 0
21:03:25.0,1, 29.17, 0
21:03:25.6,0, 18.27, 0
21:03:25.6,1, 29.17, 0
21:03:26.2,0, 18.22, 0
21:03:26.2,1, 29.09, 0
21:03:26.8,0, 18.51, 0
21:03:26.8,1, 29.09, 0
21:03:27.3,0, 18.51, 0
21:03:27.3,1, 29.18, 0
21:03:27.9,0, 18.32, 0
21:03:27.9,1, 29.25, 0
21:03:28.5,0, 18.32, 0
21:03:28.5,1, 29.25, 0
21:03:29.1,0, 18.33, 0
21:03:29.1,1, 29.14, 0
21:03:29.7,0, 18.33, 0
21:03:29.7,1, 29.14, 0
21:03:30.3,0, 18.56, 0
21:03:30.3,1, 29.10, 0
21:03:30.9,0, 18.22, 0
21:03:30.9,1, 29.08, 0
21:03:31.5,0, 18.22, 0
21:03:31.5,1, 29.08, 0
21:03:32.0,0, 18.10, 0
21:03:32.0,1, 28.93, 0
21:03:32.6,0, 18.10, 0
21:03:32.6,1, 28.93, 0
21:03:33.2,0, 18.36, 0
21:03:33.2,1, 28.95, 0
21:03:33.8,0, 18.13, 0
21:03:33.8,1, 28.95, 0
21:03:34.4,0, 18.13, 0
21:03:34.4,1, 29.15, 0
21:03:34.9,0, 18.16, 0
21:03:34.9,1, 29.30, 0
21:03:35.5,0, 18.16, 0
21:03:35.5,1, 29.30, 0
21:03:36.1,0, 18.50, 0
21:03:36.1,1, 29.32, 0
21:03:36.7,0, 18.50, 0
21:03:36.7,1, 29.32, 0
21:03:37.2,0, 18.30, 0
21:03:37.2,1, 29.28, 0
21:03:37.8,0, 18.32, 0
21:03:37.8,1, 29.31, 0
21:03:38.4,0, 18.32, 0
21:03:38.4,1, 29.31, 0
21:03:39.0,0, 18.61, 0
21:03:39.0,1, 29.32, 0
21:03:39.6,0, 18.61, 0
21:03:39.6,1, 29.32, 0
21:03:40.2,0, 18.36, 0
21:03:40.2,1, 29.28, 0
21:03:40.7,0, 18.35, 0
21:03:40.7,1, 29.28, 0
21:03:41.3,0, 18.35, 0
21:03:41.3,1, 29.32, 0
21:03:41.9,0, 18.48, 0
21:03:41.9,1, 29.39, 0
21:03:42.5,0, 18.48, 0
21:03:42.5,1, 29.39, 0
21:03:43.0,0, 18.10, 0
21:03:43.0,1, 29.31, 0
21:03:43.6,0, 18.10, 0
21:03:43.6,1, 29.31, 0
21:03:44.2,0, 18.20, 0
21:03:44.2,1, 29.11, 0
21:03:44.8,0, 18.56, 0
21:03:44.8,1, 29.11, 0
21:03:45.4,0, 18.56, 0
21:03:45.4,1, 29.11, 0
21:03:46.0,0, 18.24, 0
21:03:46.0,1, 29.20, 0
21:03:46.5,0, 18.24, 0
21:03:46.5,1, 29.20, 0
21:03:47.1,0, 18.25, 0
21:03:47.1,1, 29.12, 0
21:03:47.7,0, 18.28, 0
21:03:47.7,1, 29.12, 0
21:03:48.3,0, 18.28, 0
21:03:48.3,1, 29.03, 0
21:03:48.9,0, 18.31, 0
21:03:48.9,1, 29.07, 0
21:03:49.5,0, 18.31, 0
21:03:49.5,1, 29.07, 0
21:03:50.0,0, 18.53, 0
21:03:50.0,1, 29.14, 0
